username,recommended_id
Vishal17,1064.0
Vishal17,1062.0
Vishal17,1066.0
Vishal17,1065.0
Vishal17,159.0
Vishal17,560.0
Vishal17,549.0
Vishal17,173.0
Vishal17,44.0
Vishal17,151.0
Vishal17,590.0
Vishal17,19.0
Vishal17,161.0
Vishal17,1088.0
Vishal17,540.0
Vishal17,150.0
Vishal17,52.0
Vishal17,143.0
Vishal17,31.0
Vishal17,1063.0
Vishal17,13.0
Vishal17,558.0
Vishal17,415.0
Vishal17,56.0
Vishal17,583.0
Vishal17,33.0
Vishal17,551.0
Vishal17,1087.0
Vishal17,43.0
Vishal17,1060.0
Vishal17,148.0
Vishal17,979.0
Vishal17,629.0
Vishal17,1057.0
Vishal17,1059.0
Vishal17,86.0
Vishal17,1055.0
Vishal17,1079.0
Vishal17,154.0
Vishal17,1086.0
Vishal17,81.0
Vishal17,1080.0
Vishal17,152.0
Vishal17,491.0
Vishal17,516.0
Vishal17,633.0
Vishal17,548.0
Vishal17,153.0
Vishal17,142.0
Vishal17,1085.0
Ayush61,1064.0
Ayush61,1062.0
Ayush61,1066.0
Ayush61,1065.0
Ayush61,159.0
Ayush61,560.0
Ayush61,549.0
Ayush61,173.0
Ayush61,44.0
Ayush61,151.0
Ayush61,590.0
Ayush61,19.0
Ayush61,161.0
Ayush61,1088.0
Ayush61,540.0
Ayush61,150.0
Ayush61,52.0
Ayush61,143.0
Ayush61,31.0
Ayush61,1063.0
Ayush61,13.0
Ayush61,558.0
Ayush61,415.0
Ayush61,56.0
Ayush61,583.0
Ayush61,33.0
Ayush61,551.0
Ayush61,1087.0
Ayush61,43.0
Ayush61,1060.0
Ayush61,148.0
Ayush61,979.0
Ayush61,629.0
Ayush61,1057.0
Ayush61,1059.0
Ayush61,86.0
Ayush61,1055.0
Ayush61,1079.0
Ayush61,154.0
Ayush61,1086.0
Ayush61,81.0
Ayush61,1080.0
Ayush61,152.0
Ayush61,491.0
Ayush61,516.0
Ayush61,633.0
Ayush61,548.0
Ayush61,153.0
Ayush61,142.0
Ayush61,1085.0
Sachin32,1064.0
Sachin32,1062.0
Sachin32,1066.0
Sachin32,1065.0
Sachin32,159.0
Sachin32,560.0
Sachin32,549.0
Sachin32,173.0
Sachin32,44.0
Sachin32,151.0
Sachin32,590.0
Sachin32,19.0
Sachin32,161.0
Sachin32,1088.0
Sachin32,540.0
Sachin32,150.0
Sachin32,52.0
Sachin32,143.0
Sachin32,31.0
Sachin32,1063.0
Sachin32,13.0
Sachin32,558.0
Sachin32,415.0
Sachin32,56.0
Sachin32,583.0
Sachin32,33.0
Sachin32,551.0
Sachin32,1087.0
Sachin32,43.0
Sachin32,1060.0
Sachin32,148.0
Sachin32,979.0
Sachin32,629.0
Sachin32,1057.0
Sachin32,1059.0
Sachin32,86.0
Sachin32,1055.0
Sachin32,1079.0
Sachin32,154.0
Sachin32,1086.0
Sachin32,81.0
Sachin32,1080.0
Sachin32,152.0
Sachin32,491.0
Sachin32,516.0
Sachin32,633.0
Sachin32,548.0
Sachin32,153.0
Sachin32,142.0
Sachin32,1085.0
Abhishek69,1064.0
Abhishek69,1062.0
Abhishek69,1066.0
Abhishek69,1065.0
Abhishek69,159.0
Abhishek69,560.0
Abhishek69,549.0
Abhishek69,173.0
Abhishek69,44.0
Abhishek69,151.0
Abhishek69,590.0
Abhishek69,19.0
Abhishek69,161.0
Abhishek69,1088.0
Abhishek69,540.0
Abhishek69,150.0
Abhishek69,52.0
Abhishek69,143.0
Abhishek69,31.0
Abhishek69,1063.0
Abhishek69,13.0
Abhishek69,558.0
Abhishek69,415.0
Abhishek69,56.0
Abhishek69,583.0
Abhishek69,33.0
Abhishek69,551.0
Abhishek69,1087.0
Abhishek69,43.0
Abhishek69,1060.0
Abhishek69,148.0
Abhishek69,979.0
Abhishek69,629.0
Abhishek69,1057.0
Abhishek69,1059.0
Abhishek69,86.0
Abhishek69,1055.0
Abhishek69,1079.0
Abhishek69,154.0
Abhishek69,1086.0
Abhishek69,81.0
Abhishek69,1080.0
Abhishek69,152.0
Abhishek69,491.0
Abhishek69,516.0
Abhishek69,633.0
Abhishek69,548.0
Abhishek69,153.0
Abhishek69,142.0
Abhishek69,1085.0
Rohan49,1064.0
Rohan49,1062.0
Rohan49,1066.0
Rohan49,1065.0
Rohan49,159.0
Rohan49,560.0
Rohan49,549.0
Rohan49,173.0
Rohan49,44.0
Rohan49,151.0
Rohan49,590.0
Rohan49,19.0
Rohan49,161.0
Rohan49,1088.0
Rohan49,540.0
Rohan49,150.0
Rohan49,52.0
Rohan49,143.0
Rohan49,31.0
Rohan49,1063.0
Rohan49,13.0
Rohan49,558.0
Rohan49,415.0
Rohan49,56.0
Rohan49,583.0
Rohan49,33.0
Rohan49,551.0
Rohan49,1087.0
Rohan49,43.0
Rohan49,1060.0
Rohan49,148.0
Rohan49,979.0
Rohan49,629.0
Rohan49,1057.0
Rohan49,1059.0
Rohan49,86.0
Rohan49,1055.0
Rohan49,1079.0
Rohan49,154.0
Rohan49,1086.0
Rohan49,81.0
Rohan49,1080.0
Rohan49,152.0
Rohan49,491.0
Rohan49,516.0
Rohan49,633.0
Rohan49,548.0
Rohan49,153.0
Rohan49,142.0
Rohan49,1085.0
Kunal14,1064.0
Kunal14,1062.0
Kunal14,1066.0
Kunal14,1065.0
Kunal14,159.0
Kunal14,560.0
Kunal14,549.0
Kunal14,173.0
Kunal14,44.0
Kunal14,151.0
Kunal14,590.0
Kunal14,19.0
Kunal14,161.0
Kunal14,1088.0
Kunal14,540.0
Kunal14,150.0
Kunal14,52.0
Kunal14,143.0
Kunal14,31.0
Kunal14,1063.0
Kunal14,13.0
Kunal14,558.0
Kunal14,415.0
Kunal14,56.0
Kunal14,583.0
Kunal14,33.0
Kunal14,551.0
Kunal14,1087.0
Kunal14,43.0
Kunal14,1060.0
Kunal14,148.0
Kunal14,979.0
Kunal14,629.0
Kunal14,1057.0
Kunal14,1059.0
Kunal14,86.0
Kunal14,1055.0
Kunal14,1079.0
Kunal14,154.0
Kunal14,1086.0
Kunal14,81.0
Kunal14,1080.0
Kunal14,152.0
Kunal14,491.0
Kunal14,516.0
Kunal14,633.0
Kunal14,548.0
Kunal14,153.0
Kunal14,142.0
Kunal14,1085.0
Sachin93,1064.0
Sachin93,1062.0
Sachin93,1066.0
Sachin93,1065.0
Sachin93,159.0
Sachin93,560.0
Sachin93,549.0
Sachin93,173.0
Sachin93,44.0
Sachin93,151.0
Sachin93,590.0
Sachin93,19.0
Sachin93,161.0
Sachin93,1088.0
Sachin93,540.0
Sachin93,150.0
Sachin93,52.0
Sachin93,143.0
Sachin93,31.0
Sachin93,1063.0
Sachin93,13.0
Sachin93,558.0
Sachin93,415.0
Sachin93,56.0
Sachin93,583.0
Sachin93,33.0
Sachin93,551.0
Sachin93,1087.0
Sachin93,43.0
Sachin93,1060.0
Sachin93,148.0
Sachin93,979.0
Sachin93,629.0
Sachin93,1057.0
Sachin93,1059.0
Sachin93,86.0
Sachin93,1055.0
Sachin93,1079.0
Sachin93,154.0
Sachin93,1086.0
Sachin93,81.0
Sachin93,1080.0
Sachin93,152.0
Sachin93,491.0
Sachin93,516.0
Sachin93,633.0
Sachin93,548.0
Sachin93,153.0
Sachin93,142.0
Sachin93,1085.0
Daksh67,1064.0
Daksh67,1062.0
Daksh67,1066.0
Daksh67,1065.0
Daksh67,159.0
Daksh67,560.0
Daksh67,549.0
Daksh67,173.0
Daksh67,44.0
Daksh67,151.0
Daksh67,590.0
Daksh67,19.0
Daksh67,161.0
Daksh67,1088.0
Daksh67,540.0
Daksh67,150.0
Daksh67,52.0
Daksh67,143.0
Daksh67,31.0
Daksh67,1063.0
Daksh67,13.0
Daksh67,558.0
Daksh67,415.0
Daksh67,56.0
Daksh67,583.0
Daksh67,33.0
Daksh67,551.0
Daksh67,1087.0
Daksh67,43.0
Daksh67,1060.0
Daksh67,148.0
Daksh67,979.0
Daksh67,629.0
Daksh67,1057.0
Daksh67,1059.0
Daksh67,86.0
Daksh67,1055.0
Daksh67,1079.0
Daksh67,154.0
Daksh67,1086.0
Daksh67,81.0
Daksh67,1080.0
Daksh67,152.0
Daksh67,491.0
Daksh67,516.0
Daksh67,633.0
Daksh67,548.0
Daksh67,153.0
Daksh67,142.0
Daksh67,1085.0
Harsh36,1064.0
Harsh36,1062.0
Harsh36,1066.0
Harsh36,1065.0
Harsh36,159.0
Harsh36,560.0
Harsh36,549.0
Harsh36,173.0
Harsh36,44.0
Harsh36,151.0
Harsh36,590.0
Harsh36,19.0
Harsh36,161.0
Harsh36,1088.0
Harsh36,540.0
Harsh36,150.0
Harsh36,52.0
Harsh36,143.0
Harsh36,31.0
Harsh36,1063.0
Harsh36,13.0
Harsh36,558.0
Harsh36,415.0
Harsh36,56.0
Harsh36,583.0
Harsh36,33.0
Harsh36,551.0
Harsh36,1087.0
Harsh36,43.0
Harsh36,1060.0
Harsh36,148.0
Harsh36,979.0
Harsh36,629.0
Harsh36,1057.0
Harsh36,1059.0
Harsh36,86.0
Harsh36,1055.0
Harsh36,1079.0
Harsh36,154.0
Harsh36,1086.0
Harsh36,81.0
Harsh36,1080.0
Harsh36,152.0
Harsh36,491.0
Harsh36,516.0
Harsh36,633.0
Harsh36,548.0
Harsh36,153.0
Harsh36,142.0
Harsh36,1085.0
Kunal76,1064.0
Kunal76,1062.0
Kunal76,1066.0
Kunal76,1065.0
Kunal76,159.0
Kunal76,560.0
Kunal76,549.0
Kunal76,173.0
Kunal76,44.0
Kunal76,151.0
Kunal76,590.0
Kunal76,19.0
Kunal76,161.0
Kunal76,1088.0
Kunal76,540.0
Kunal76,150.0
Kunal76,52.0
Kunal76,143.0
Kunal76,31.0
Kunal76,1063.0
Kunal76,13.0
Kunal76,558.0
Kunal76,415.0
Kunal76,56.0
Kunal76,583.0
Kunal76,33.0
Kunal76,551.0
Kunal76,1087.0
Kunal76,43.0
Kunal76,1060.0
Kunal76,148.0
Kunal76,979.0
Kunal76,629.0
Kunal76,1057.0
Kunal76,1059.0
Kunal76,86.0
Kunal76,1055.0
Kunal76,1079.0
Kunal76,154.0
Kunal76,1086.0
Kunal76,81.0
Kunal76,1080.0
Kunal76,152.0
Kunal76,491.0
Kunal76,516.0
Kunal76,633.0
Kunal76,548.0
Kunal76,153.0
Kunal76,142.0
Kunal76,1085.0
hardik,1064.0
hardik,1062.0
hardik,1066.0
hardik,1065.0
hardik,159.0
hardik,560.0
hardik,549.0
hardik,173.0
hardik,44.0
hardik,151.0
hardik,590.0
hardik,19.0
hardik,161.0
hardik,1088.0
hardik,540.0
hardik,150.0
hardik,52.0
hardik,143.0
hardik,31.0
hardik,1063.0
hardik,13.0
hardik,558.0
hardik,415.0
hardik,56.0
hardik,583.0
hardik,33.0
hardik,551.0
hardik,1087.0
hardik,43.0
hardik,1060.0
hardik,148.0
hardik,979.0
hardik,629.0
hardik,1057.0
hardik,1059.0
hardik,86.0
hardik,1055.0
hardik,1079.0
hardik,154.0
hardik,1086.0
hardik,81.0
hardik,1080.0
hardik,152.0
hardik,491.0
hardik,516.0
hardik,633.0
hardik,548.0
hardik,153.0
hardik,142.0
hardik,1085.0
ansh,1064.0
ansh,1062.0
ansh,1066.0
ansh,1065.0
ansh,159.0
ansh,560.0
ansh,549.0
ansh,173.0
ansh,44.0
ansh,151.0
ansh,590.0
ansh,19.0
ansh,161.0
ansh,1088.0
ansh,540.0
ansh,150.0
ansh,52.0
ansh,143.0
ansh,31.0
ansh,1063.0
ansh,13.0
ansh,558.0
ansh,415.0
ansh,56.0
ansh,583.0
ansh,33.0
ansh,551.0
ansh,1087.0
ansh,43.0
ansh,1060.0
ansh,148.0
ansh,979.0
ansh,629.0
ansh,1057.0
ansh,1059.0
ansh,86.0
ansh,1055.0
ansh,1079.0
ansh,154.0
ansh,1086.0
ansh,81.0
ansh,1080.0
ansh,152.0
ansh,491.0
ansh,516.0
ansh,633.0
ansh,548.0
ansh,153.0
ansh,142.0
ansh,1085.0
mayrah05,1064.0
mayrah05,1062.0
mayrah05,1066.0
mayrah05,1065.0
mayrah05,159.0
mayrah05,560.0
mayrah05,549.0
mayrah05,173.0
mayrah05,44.0
mayrah05,151.0
mayrah05,590.0
mayrah05,19.0
mayrah05,161.0
mayrah05,1088.0
mayrah05,540.0
mayrah05,150.0
mayrah05,52.0
mayrah05,143.0
mayrah05,31.0
mayrah05,1063.0
mayrah05,13.0
mayrah05,558.0
mayrah05,415.0
mayrah05,56.0
mayrah05,583.0
mayrah05,33.0
mayrah05,551.0
mayrah05,1087.0
mayrah05,43.0
mayrah05,1060.0
mayrah05,148.0
mayrah05,979.0
mayrah05,629.0
mayrah05,1057.0
mayrah05,1059.0
mayrah05,86.0
mayrah05,1055.0
mayrah05,1079.0
mayrah05,154.0
mayrah05,1086.0
mayrah05,81.0
mayrah05,1080.0
mayrah05,152.0
mayrah05,491.0
mayrah05,516.0
mayrah05,633.0
mayrah05,548.0
mayrah05,153.0
mayrah05,142.0
mayrah05,1085.0
aksh23,1064.0
aksh23,1062.0
aksh23,1066.0
aksh23,1065.0
aksh23,159.0
aksh23,560.0
aksh23,549.0
aksh23,173.0
aksh23,44.0
aksh23,151.0
aksh23,590.0
aksh23,19.0
aksh23,161.0
aksh23,1088.0
aksh23,540.0
aksh23,150.0
aksh23,52.0
aksh23,143.0
aksh23,31.0
aksh23,1063.0
aksh23,13.0
aksh23,558.0
aksh23,415.0
aksh23,56.0
aksh23,583.0
aksh23,33.0
aksh23,551.0
aksh23,1087.0
aksh23,43.0
aksh23,1060.0
aksh23,148.0
aksh23,979.0
aksh23,629.0
aksh23,1057.0
aksh23,1059.0
aksh23,86.0
aksh23,1055.0
aksh23,1079.0
aksh23,154.0
aksh23,1086.0
aksh23,81.0
aksh23,1080.0
aksh23,152.0
aksh23,491.0
aksh23,516.0
aksh23,633.0
aksh23,548.0
aksh23,153.0
aksh23,142.0
aksh23,1085.0
satish,1064.0
satish,1062.0
satish,1066.0
satish,1065.0
satish,159.0
satish,560.0
satish,549.0
satish,173.0
satish,44.0
satish,151.0
satish,590.0
satish,19.0
satish,161.0
satish,1088.0
satish,540.0
satish,150.0
satish,52.0
satish,143.0
satish,31.0
satish,1063.0
satish,13.0
satish,558.0
satish,415.0
satish,56.0
satish,583.0
satish,33.0
satish,551.0
satish,1087.0
satish,43.0
satish,1060.0
satish,148.0
satish,979.0
satish,629.0
satish,1057.0
satish,1059.0
satish,86.0
satish,1055.0
satish,1079.0
satish,154.0
satish,1086.0
satish,81.0
satish,1080.0
satish,152.0
satish,491.0
satish,516.0
satish,633.0
satish,548.0
satish,153.0
satish,142.0
satish,1085.0
